Contributor,First Commit,Last Commit,Work Period
0xMihir,2023-08-02,2023-08-14,02 Aug 2023 - 14 Aug 2023
Abdurrahheem,2023-03-15,2023-12-27,15 Mar 2023 - 27 Dec 2023
AleksandrPanov,2023-03-15,2023-12-20,15 Mar 2023 - 20 Dec 2023
Alexander Lyulkov,2023-08-09,2023-09-25,09 Aug 2023 - 25 Sep 2023
AnnaPetrovicheva,2023-04-01,2023-04-01,01 Apr 2023 - 01 Apr 2023
Aser-Abdelfatah,2023-10-18,2023-10-18,18 Oct 2023 - 18 Oct 2023
AsyaPronina,2023-09-04,2023-09-04,04 Sep 2023 - 04 Sep 2023
Avasam,2023-04-26,2023-07-11,26 Apr 2023 - 11 Jul 2023
CCInc,2023-11-01,2023-11-01,01 Nov 2023 - 01 Nov 2023
CNClareChen,2023-10-20,2023-11-08,20 Oct 2023 - 08 Nov 2023
COOLIRON2311,2023-10-23,2023-10-23,23 Oct 2023 - 23 Oct 2023
CSBVision,2023-02-01,2023-09-04,01 Feb 2023 - 04 Sep 2023
DeePingXian,2023-08-13,2023-08-13,13 Aug 2023 - 13 Aug 2023
Dhanwanth1803,2023-12-22,2023-12-22,22 Dec 2023 - 22 Dec 2023
FantasqueX,2023-12-12,2023-12-28,12 Dec 2023 - 28 Dec 2023
FlyinTeller,2023-09-14,2023-09-14,14 Sep 2023 - 14 Sep 2023
Gaotianhong,2023-04-13,2023-04-13,13 Apr 2023 - 13 Apr 2023
Ginkgo-Biloba,2023-08-14,2023-08-14,14 Aug 2023 - 14 Aug 2023
Isydmr,2023-01-12,2023-01-12,12 Jan 2023 - 12 Jan 2023
Junyan721113,2023-06-26,2023-06-26,26 Jun 2023 - 26 Jun 2023
Kumataro,2023-03-26,2023-12-29,26 Mar 2023 - 29 Dec 2023
LaurentBerger,2023-03-17,2023-12-19,17 Mar 2023 - 19 Dec 2023
Lilit Grigoryan,2023-02-13,2023-02-13,13 Feb 2023 - 13 Feb 2023
LiuPeiqiCN,2023-10-07,2023-10-07,07 Oct 2023 - 07 Oct 2023
MambaWong,2023-09-07,2023-09-07,07 Sep 2023 - 07 Sep 2023
MaximSmolskiy,2023-04-30,2023-12-24,30 Apr 2023 - 24 Dec 2023
MengqingCao,2023-12-19,2023-12-19,19 Dec 2023 - 19 Dec 2023
MuZihao,2023-08-16,2023-08-16,16 Aug 2023 - 16 Aug 2023
MvWouden,2023-04-18,2023-04-18,18 Apr 2023 - 18 Apr 2023
PeterJohnson,2023-12-10,2023-12-10,10 Dec 2023 - 10 Dec 2023
Rageking8,2023-12-29,2023-12-29,29 Dec 2023 - 29 Dec 2023
Rostislav Vasilikhin,2023-11-20,2023-12-06,20 Nov 2023 - 06 Dec 2023
Sajjad Ali,2023-03-02,2023-03-02,02 Mar 2023 - 02 Mar 2023
SaltFish-T,2023-07-27,2023-07-27,27 Jul 2023 - 27 Jul 2023
TinyTinni,2023-05-14,2023-05-14,14 May 2023 - 14 May 2023
TolyaTalamanov,2023-02-15,2023-12-15,15 Feb 2023 - 15 Dec 2023
Tsai-chia-hsiang,2023-11-16,2023-11-16,16 Nov 2023 - 16 Nov 2023
TuNanTang,2023-03-14,2023-03-14,14 Mar 2023 - 14 Mar 2023
Vaclav Vavra,2023-02-17,2023-02-17,17 Feb 2023 - 17 Feb 2023
VadimLevin,2023-02-06,2023-10-03,06 Feb 2023 - 03 Oct 2023
WanliZhong,2022-12-29,2023-12-15,29 Dec 2022 - 15 Dec 2023
Wwupup,2022-12-23,2022-12-23,23 Dec 2022 - 23 Dec 2022
Xxfore,2023-01-11,2023-01-11,11 Jan 2023 - 11 Jan 2023
YusukeKameda,2023-07-11,2023-12-22,11 Jul 2023 - 22 Dec 2023
Zero2key,2023-04-03,2023-04-03,03 Apr 2023 - 03 Apr 2023
Zwyx,2023-04-02,2023-04-02,02 Apr 2023 - 02 Apr 2023
ajithvcoder,2023-11-22,2023-11-22,22 Nov 2023 - 22 Nov 2023
akormous,2023-05-24,2023-05-24,24 May 2023 - 24 May 2023
alalek,2019-12-19,2023-12-28,19 Dec 2019 - 28 Dec 2023
alexander-varjo,2023-09-04,2023-09-04,04 Sep 2023 - 04 Sep 2023
alexlyulkov,2023-09-08,2023-12-04,08 Sep 2023 - 04 Dec 2023
anders-nylander,2023-05-25,2023-05-25,25 May 2023 - 25 May 2023
anderskiaer,2023-03-11,2023-03-11,11 Mar 2023 - 11 Mar 2023
andrewerf,2023-10-20,2023-10-20,20 Oct 2023 - 20 Oct 2023
anna-khakimova,2022-09-04,2023-05-31,04 Sep 2022 - 31 May 2023
ashadrina,2023-09-22,2023-09-22,22 Sep 2023 - 22 Sep 2023
asmorkalov,2023-01-09,2023-12-29,09 Jan 2023 - 29 Dec 2023
autoantwort,2023-08-17,2023-08-17,17 Aug 2023 - 17 Aug 2023
bagelbytes61,2023-11-16,2023-11-16,16 Nov 2023 - 16 Nov 2023
beanjoy,2023-09-07,2023-09-07,07 Sep 2023 - 07 Sep 2023
bhavitp,2023-03-10,2023-03-10,10 Mar 2023 - 10 Mar 2023
buyuer,2023-07-14,2023-07-14,14 Jul 2023 - 14 Jul 2023
cabelo,2023-04-17,2023-11-14,17 Apr 2023 - 14 Nov 2023
captain-n3m0,2023-05-15,2023-05-15,15 May 2023 - 15 May 2023
casualwind,2023-09-27,2023-09-27,27 Sep 2023 - 27 Sep 2023
chacha21,2023-04-28,2023-12-22,28 Apr 2023 - 22 Dec 2023
chaebkimm,2023-08-09,2023-08-09,09 Aug 2023 - 09 Aug 2023
cpoerschke,2022-05-08,2023-06-07,08 May 2022 - 07 Jun 2023
crackwitz,2023-01-09,2023-01-09,09 Jan 2023 - 09 Jan 2023
ct2034,2023-03-20,2023-03-20,20 Mar 2023 - 20 Mar 2023
cudawarped,2022-11-29,2023-12-29,29 Nov 2022 - 29 Dec 2023
damianofalcioni,2023-06-14,2023-06-14,14 Jun 2023 - 14 Jun 2023
ddacw,2023-05-26,2023-05-26,26 May 2023 - 26 May 2023
definitelyuncertain,2023-10-12,2023-10-12,12 Oct 2023 - 12 Oct 2023
dizcza,2023-06-15,2023-06-15,15 Jun 2023 - 15 Jun 2023
dkurt,2023-02-13,2023-12-22,13 Feb 2023 - 22 Dec 2023
dmatveev,2023-04-02,2023-09-04,02 Apr 2023 - 04 Sep 2023
dodo920306,2023-12-15,2023-12-15,15 Dec 2023 - 15 Dec 2023
emmanuel-ferdman,2023-09-29,2023-09-29,29 Sep 2023 - 29 Sep 2023
eplankin,2023-04-07,2023-10-25,07 Apr 2023 - 25 Oct 2023
fdivitto,2023-05-23,2023-05-23,23 May 2023 - 23 May 2023
fengyuentau,2023-01-16,2023-12-25,16 Jan 2023 - 25 Dec 2023
firebladed,2023-07-14,2023-07-14,14 Jul 2023 - 14 Jul 2023
gabrielnhn,2023-05-03,2023-05-03,03 May 2023 - 03 May 2023
georgthegreat,2023-08-28,2023-12-29,28 Aug 2023 - 29 Dec 2023
gottagofaster236,2023-04-05,2023-04-07,05 Apr 2023 - 07 Apr 2023
hanliutong,2023-03-27,2023-11-23,27 Mar 2023 - 23 Nov 2023
headshog,2023-07-13,2023-07-13,13 Jul 2023 - 13 Jul 2023
hipudding,2023-11-03,2023-11-03,03 Nov 2023 - 03 Nov 2023
hzcyf,2023-02-11,2023-02-11,11 Feb 2023 - 11 Feb 2023
iarspider,2023-07-18,2023-07-18,18 Jul 2023 - 18 Jul 2023
ibaiGorordo,2023-02-08,2023-02-08,08 Feb 2023 - 08 Feb 2023
inayd,2023-01-03,2023-01-03,03 Jan 2023 - 03 Jan 2023
ippei-i,2023-03-21,2023-03-21,21 Mar 2023 - 21 Mar 2023
ivashmak,2023-06-16,2023-11-20,16 Jun 2023 - 20 Nov 2023
jubinchheda,2023-12-03,2023-12-24,03 Dec 2023 - 24 Dec 2023
just-gull,2023-03-22,2023-03-22,22 Mar 2023 - 22 Mar 2023
jvuillaumier,2023-10-06,2023-10-06,06 Oct 2023 - 06 Oct 2023
kachhadiyaraj15,2023-01-20,2023-01-20,20 Jan 2023 - 20 Jan 2023
kai-waang,2023-06-04,2023-07-03,04 Jun 2023 - 03 Jul 2023
kaingwade,2023-04-24,2023-04-24,24 Apr 2023 - 24 Apr 2023
kallaballa,2022-10-26,2023-10-20,26 Oct 2022 - 20 Oct 2023
kecsap,2023-11-08,2023-11-08,08 Nov 2023 - 08 Nov 2023
kochanczyk,2023-10-30,2023-10-30,30 Oct 2023 - 30 Oct 2023
komakai,2023-04-18,2023-12-20,18 Apr 2023 - 20 Dec 2023
labeeb-7z,2023-01-20,2023-03-20,20 Jan 2023 - 20 Mar 2023
laitingsheng,2023-02-03,2023-02-03,03 Feb 2023 - 03 Feb 2023
lamm45,2023-06-19,2023-06-19,19 Jun 2023 - 19 Jun 2023
laolaolulu,2023-11-13,2023-11-13,13 Nov 2023 - 13 Nov 2023
legrosbuffle,2023-07-17,2023-07-17,17 Jul 2023 - 17 Jul 2023
lilohuang,2023-01-25,2023-01-25,25 Jan 2023 - 25 Jan 2023
loongson-zn,2023-07-04,2023-07-04,04 Jul 2023 - 04 Jul 2023
lpylpy0514,2023-09-19,2023-09-19,19 Sep 2023 - 19 Sep 2023
lukasalexanderweber,2023-01-03,2023-01-03,03 Jan 2023 - 03 Jan 2023
migdall,2023-04-06,2023-04-06,06 Apr 2023 - 06 Apr 2023
mshabunin,2023-01-16,2023-12-20,16 Jan 2023 - 20 Dec 2023
mwangistan,2023-07-25,2023-07-25,25 Jul 2023 - 25 Jul 2023
n0099,2023-05-03,2023-05-03,03 May 2023 - 03 May 2023
neg-c,2023-01-22,2023-02-18,22 Jan 2023 - 18 Feb 2023
oHotel,2023-05-30,2023-05-30,30 May 2023 - 30 May 2023
ocpalo,2023-07-04,2023-07-04,04 Jul 2023 - 04 Jul 2023
onuralpszr,2023-04-28,2023-04-28,28 Apr 2023 - 28 Apr 2023
peters,2023-05-22,2023-05-22,22 May 2023 - 22 May 2023
philnelson,2023-11-30,2023-11-30,30 Nov 2023 - 30 Nov 2023
philsc,2023-08-31,2023-08-31,31 Aug 2023 - 31 Aug 2023
rahulnoronha,2023-05-21,2023-05-21,21 May 2023 - 21 May 2023
richard28039,2023-11-03,2023-11-03,03 Nov 2023 - 03 Nov 2023
sarsonj,2023-04-19,2023-04-19,19 Apr 2023 - 19 Apr 2023
savuor,2023-01-17,2023-12-15,17 Jan 2023 - 15 Dec 2023
seanm,2022-12-27,2023-10-06,27 Dec 2022 - 06 Oct 2023
sergiomb2,2023-10-01,2023-10-01,01 Oct 2023 - 01 Oct 2023
shtern,2023-03-10,2023-03-10,10 Mar 2023 - 10 Mar 2023
shubh1176,2023-11-10,2023-11-10,10 Nov 2023 - 10 Nov 2023
siilats,2023-02-06,2023-05-05,06 Feb 2023 - 05 May 2023
simonlynen,2023-03-22,2023-03-22,22 Mar 2023 - 22 Mar 2023
sisakat,2023-10-19,2023-10-19,19 Oct 2023 - 19 Oct 2023
skycat8,2023-11-24,2023-11-24,24 Nov 2023 - 24 Nov 2023
smeng9,2023-01-09,2023-04-15,09 Jan 2023 - 15 Apr 2023
smirnov-alexey,2023-11-29,2023-12-13,29 Nov 2023 - 13 Dec 2023
souch,2023-04-11,2023-04-11,11 Apr 2023 - 11 Apr 2023
soyszala,2023-05-17,2023-05-17,17 May 2023 - 17 May 2023
spacegaier,2023-11-28,2023-11-28,28 Nov 2023 - 28 Nov 2023
spikethehobbitmage,2023-03-14,2023-03-14,14 Mar 2023 - 14 Mar 2023
stefan523,2023-01-19,2023-02-07,19 Jan 2023 - 07 Feb 2023
sthibaul,2023-08-10,2023-08-10,10 Aug 2023 - 10 Aug 2023
tailsu,2023-09-18,2023-09-18,18 Sep 2023 - 18 Sep 2023
tantei3,2023-04-06,2023-04-06,06 Apr 2023 - 06 Apr 2023
tfunatomi,2022-11-29,2022-11-29,29 Nov 2022 - 29 Nov 2022
thekpaul,2023-06-23,2023-06-23,23 Jun 2023 - 23 Jun 2023
thesamesam,2023-08-29,2023-08-29,29 Aug 2023 - 29 Aug 2023
thewoz,2023-04-12,2023-12-20,12 Apr 2023 - 20 Dec 2023
tingbo.liao,2023-03-14,2023-03-14,14 Mar 2023 - 14 Mar 2023
tintou,2023-02-14,2023-02-15,14 Feb 2023 - 15 Feb 2023
tkram01,2023-03-22,2023-03-22,22 Mar 2023 - 22 Mar 2023
tomoaki0705,2023-01-19,2023-12-22,19 Jan 2023 - 22 Dec 2023
triple-Mu,2023-05-27,2023-05-27,27 May 2023 - 27 May 2023
ulvido,2023-06-17,2023-06-17,17 Jun 2023 - 17 Jun 2023
vekkuli,2023-06-02,2023-06-02,02 Jun 2023 - 02 Jun 2023
visitorckw,2023-09-18,2023-09-18,18 Sep 2023 - 18 Sep 2023
vovka643,2023-02-16,2023-05-19,16 Feb 2023 - 19 May 2023
vpisarev,2023-02-17,2023-12-22,17 Feb 2023 - 22 Dec 2023
vrabaud,2023-03-07,2023-12-15,07 Mar 2023 - 15 Dec 2023
whuaegeanse,2023-01-31,2023-01-31,31 Jan 2023 - 31 Jan 2023
y-guyon,2023-01-27,2023-02-10,27 Jan 2023 - 10 Feb 2023
yeatse,2023-01-07,2023-01-07,07 Jan 2023 - 07 Jan 2023
zero-nnkn,2023-03-20,2023-03-20,20 Mar 2023 - 20 Mar 2023
zihaomu,2023-01-09,2023-11-20,09 Jan 2023 - 20 Nov 2023
zixianweei,2023-07-21,2023-07-21,21 Jul 2023 - 21 Jul 2023
zzuliys,2023-12-19,2023-12-19,19 Dec 2023 - 19 Dec 2023
